江津	重庆	市
合川	重庆	市
永川	重庆	市
南川	重庆	市
格尔木	青海	省
德令哈	青海	省
西宁	青海	省
玉门	甘肃	省
酒泉	甘肃	省
敦煌	甘肃	省
张掖	甘肃	省
武威	甘肃	省
平凉	甘肃	省
西峰	甘肃	省
临夏	甘肃	省
合作	甘肃	省
兰州	甘肃	省
嘉峪关	甘肃	省
金昌	甘肃	省
白银	甘肃	省
天水	甘肃	省
兴平	陕西	省
韩城	陕西	省
华阴	陕西	省
安康	陕西	省
商州	陕西	省
西安	陕西	省
铜川	陕西	省
宝鸡	陕西	省
咸阳	陕西	省
渭南	陕西	省
延安	陕西	省
汉中	陕西	省
榆林	陕西	省
安宁	云南	省
宣威	云南	省
昭通	云南	省
楚雄	云南	省
个旧	云南	省
开远	云南	省
思茅	云南	省
景洪	云南	省
大理	云南	省
保山	云南	省
瑞丽	云南	省
潞西	云南	省
昆明	云南	省
曲靖	云南	省
玉溪	云南	省
清镇	贵州	省
赤水	贵州	省
仁怀	贵州	省
铜仁	贵州	省
兴义	贵州	省
毕节	贵州	省
安顺	贵州	省
凯里	贵州	省
都匀	贵州	省
福泉	贵州	省
贵阳	贵州	省
六盘水	贵州	省
遵义	贵州	省
都江堰	四川	省
彭州	四川	省
邛崃	四川	省
崇州	四川	省
广汉	四川	省
什邡	四川	省
绵竹	四川	省
江油	四川	省
峨眉山	四川	省
阆中	四川	省
华蓥	四川	省
万源	四川	省
雅安	四川	省
西昌	四川	省
巴中	四川	省
资阳	四川	省
简阳	四川	省
成都	四川	省
自贡	四川	省
攀枝花	四川	省
泸州	四川	省
德阳	四川	省
绵阳	四川	省
广元	四川	省
遂宁	四川	省
内江	四川	省
乐山	四川	省
南充	四川	省
宜宾	四川	省
广安	四川	省
达州	四川	省
通什	海南	省
琼海	海南	省
儋州	海南	省
琼山	海南	省
文昌	海南	省
万宁	海南	省
东方	海南	省
海口	海南	省
三亚	海南	省
番禺	广东	省
花都	广东	省
增城	广东	省
从化	广东	省
乐昌	广东	省
南雄	广东	省
潮阳	广东	省
澄海	广东	省
顺德	广东	省
南海	广东	省
三水	广东	省
高明	广东	省
台山	广东	省
新会	广东	省
开平	广东	省
鹤山	广东	省
恩平	广东	省
廉江	广东	省
雷州	广东	省
吴川	广东	省
高州	广东	省
化州	广东	省
信宜	广东	省
高要	广东	省
四会	广东	省
惠阳	广东	省
兴宁	广东	省
陆丰	广东	省
阳春	广东	省
英德	广东	省
连州	广东	省
普宁	广东	省
罗定	广东	省
广州	广东	省
韶关	广东	省
深圳	广东	省
珠海	广东	省
汕头	广东	省
佛山	广东	省
江门	广东	省
湛江	广东	省
茂名	广东	省
肇庆	广东	省
惠州	广东	省
梅州	广东	省
汕尾	广东	省
河源	广东	省
阳江	广东	省
清远	广东	省
东莞	广东	省
中山	广东	省
潮州	广东	省
揭阳	广东	省
云浮	广东	省
浏阳	湖南	省
醴陵	湖南	省
湘乡	湖南	省
韶山	湖南	省
耒阳	湖南	省
常宁	湖南	省
武冈	湖南	省
汩罗	湖南	省
临湘	湖南	省
津市	湖南	省
沅江	湖南	省
资兴	湖南	省
洪江	湖南	省
冷水江	湖南	省
涟源	湖南	省
吉首	湖南	省
长沙	湖南	省
株洲	湖南	省
湘潭	湖南	省
衡阳	湖南	省
邵阳	湖南	省
岳阳	湖南	省
常德	湖南	省
张家界	湖南	省
益阳	湖南	省
郴州	湖南	省
永州	湖南	省
怀化	湖南	省
娄底	湖南	省
大冶	湖北	省
丹江口	湖北	省
枝城	湖北	省
当阳	湖北	省
枝江	湖北	省
老河口	湖北	省
枣阳	湖北	省
宜城	湖北	省
钟祥	湖北	省
应城	湖北	省
安陆	湖北	省
广水	湖北	省
汉川	湖北	省
石首	湖北	省
洪湖	湖北	省
松滋	湖北	省
麻城	湖北	省
武穴	湖北	省
赤壁	湖北	省
恩施	湖北	省
利川	湖北	省
随州	湖北	省
仙桃	湖北	省
潜江	湖北	省
天门	湖北	省
武汉	湖北	省
黄石	湖北	省
十堰	湖北	省
宜昌	湖北	省
襄樊	湖北	省
鄂州	湖北	省
荆门	湖北	省
孝感	湖北	省
荆州	湖北	省
黄冈	湖北	省
咸宁	湖北	省
巩义	河南	省
荥阳	河南	省
新密	河南	省
新郑	河南	省
登封	河南	省
偃师	河南	省
舞钢	河南	省
汝州	河南	省
林州	河南	省
卫辉	河南	省
辉县	河南	省
济源	河南	省
沁阳	河南	省
孟州	河南	省
禹州	河南	省
长葛	河南	省
义马	河南	省
灵宝	河南	省
邓州	河南	省
永城	河南	省
周口	河南	省
项城	河南	省
驻马店	河南	省
郑州	河南	省
开封	河南	省
洛阳	河南	省
平顶山	河南	省
安阳	河南	省
鹤壁	河南	省
新乡	河南	省
焦作	河南	省
濮阳	河南	省
许昌	河南	省
漯河	河南	省
三门峡	河南	省
南阳	河南	省
商丘	河南	省
信阳	河南	省
章丘	山东	省
胶州	山东	省
即墨	山东	省
平度	山东	省
胶南	山东	省
莱西	山东	省
滕州	山东	省
龙口	山东	省
莱阳	山东	省
莱州	山东	省
蓬莱	山东	省
招远	山东	省
栖霞	山东	省
海阳	山东	省
青州	山东	省
诸城	山东	省
寿光	山东	省
安丘	山东	省
高密	山东	省
昌邑	山东	省
曲阜	山东	省
兖州	山东	省
邹城	山东	省
新泰	山东	省
肥城	山东	省
文登	山东	省
荣成	山东	省
乳山	山东	省
乐陵	山东	省
禹城	山东	省
临清	山东	省
滨州	山东	省
菏泽	山东	省
济南	山东	省
青岛	山东	省
淄博	山东	省
枣庄	山东	省
东营	山东	省
烟台	山东	省
潍坊	山东	省
济宁	山东	省
泰安	山东	省
威海	山东	省
日照	山东	省
莱芜	山东	省
临沂	山东	省
德州	山东	省
聊城	山东	省
乐平	江西	省
瑞昌	江西	省
贵溪	江西	省
瑞金	江西	省
南康	江西	省
宜春	江西	省
丰城	江西	省
樟树	江西	省
高安	江西	省
上饶	江西	省
德兴	江西	省
吉安	江西	省
井冈山	江西	省
临川	江西	省
南昌	江西	省
景德镇	江西	省
萍乡	江西	省
九江	江西	省
新余	江西	省
鹰潭	江西	省
赣州	江西	省
福清	福建	省
长乐	福建	省
永安	福建	省
石狮	福建	省
晋江	福建	省
南安	福建	省
龙海	福建	省
邵武	福建	省
武夷山	福建	省
建瓯	福建	省
建阳	福建	省
漳平	福建	省
宁德	福建	省
福安	福建	省
福鼎	福建	省
福州	福建	省
厦门	福建	省
莆田	福建	省
三明	福建	省
泉州	福建	省
漳州	福建	省
南平	福建	省
龙岩	福建	省
桐城	安徽	省
天长	安徽	省
明光	安徽	省
亳州	安徽	省
界首	安徽	省
宣州	安徽	省
宁国	安徽	省
贵池	安徽	省
合肥	安徽	省
芜湖	安徽	省
蚌埠	安徽	省
淮南	安徽	省
马鞍山	安徽	省
淮北	安徽	省
铜陵	安徽	省
安庆	安徽	省
黄山	安徽	省
滁州	安徽	省
阜阳	安徽	省
宿州	安徽	省
巢湖	安徽	省
六安	安徽	省
萧山	浙江	省
建德	浙江	省
富阳	浙江	省
余杭	浙江	省
临安	浙江	省
余姚	浙江	省
慈溪	浙江	省
奉化	浙江	省
瑞安	浙江	省
乐清	浙江	省
海宁	浙江	省
平湖	浙江	省
桐乡	浙江	省
诸暨	浙江	省
上虞	浙江	省
嵊州	浙江	省
兰溪	浙江	省
义乌	浙江	省
东阳	浙江	省
永康	浙江	省
江山	浙江	省
温岭	浙江	省
临海	浙江	省
丽水	浙江	省
龙泉	浙江	省
杭州	浙江	省
宁波	浙江	省
温州	浙江	省
嘉兴	浙江	省
湖州	浙江	省
绍兴	浙江	省
金华	浙江	省
衢州	浙江	省
舟山	浙江	省
台州	浙江	省
江阴	江苏	省
宜兴	江苏	省
锡山	江苏	省
新沂	江苏	省
邳州	江苏	省
溧阳	江苏	省
金坛	江苏	省
武进	江苏	省
常熟	江苏	省
张家港	江苏	省
昆山	江苏	省
吴江	江苏	省
太仓	江苏	省
吴县	江苏	省
启东	江苏	省
如皋	江苏	省
通州	江苏	省
海门	江苏	省
淮安	江苏	省
东台	江苏	省
大丰	江苏	省
仪征	江苏	省
高邮	江苏	省
江都	江苏	省
丹阳	江苏	省
扬中	江苏	省
句容	江苏	省
兴化	江苏	省
靖江	江苏	省
泰兴	江苏	省
姜堰	江苏	省
南京	江苏	省
无锡	江苏	省
徐州	江苏	省
常州	江苏	省
苏州	江苏	省
南通	江苏	省
连云港	江苏	省
淮阴	江苏	省
盐城	江苏	省
扬州	江苏	省
镇江	江苏	省
泰州	江苏	省
宿迁	江苏	省
阿城	黑龙江	省
双城	黑龙江	省
尚志	黑龙江	省
五常	黑龙江	省
讷河	黑龙江	省
虎林	黑龙江	省
密山	黑龙江	省
铁力	黑龙江	省
同江	黑龙江	省
富锦	黑龙江	省
绥芬河	黑龙江	省
海林	黑龙江	省
宁安	黑龙江	省
穆棱	黑龙江	省
北安	黑龙江	省
五大连池	黑龙江	省
绥化	黑龙江	省
安达	黑龙江	省
肇东	黑龙江	省
海伦	黑龙江	省
哈尔滨	黑龙江	省
齐齐哈尔	黑龙江	省
鸡西	黑龙江	省
鹤岗	黑龙江	省
双鸭山	黑龙江	省
大庆	黑龙江	省
伊春	黑龙江	省
佳木斯	黑龙江	省
七台河	黑龙江	省
牡丹江	黑龙江	省
黑河	黑龙江	省
九台	吉林	省
榆树	吉林	省
德惠	吉林	省
蛟河	吉林	省
桦甸	吉林	省
舒兰	吉林	省
磐石	吉林	省
公主岭	吉林	省
双辽	吉林	省
梅河口	吉林	省
集安	吉林	省
临江	吉林	省
洮南	吉林	省
大安	吉林	省
延吉	吉林	省
图们	吉林	省
敦化	吉林	省
珲春	吉林	省
龙井	吉林	省
和龙	吉林	省
长春	吉林	省
吉林	吉林	省
四平	吉林	省
辽源	吉林	省
通化	吉林	省
白山	吉林	省
松原	吉林	省
新民	辽宁	省
瓦房店	辽宁	省
普兰店	辽宁	省
庄河	辽宁	省
海城	辽宁	省
东港	辽宁	省
凤城	辽宁	省
凌海	辽宁	省
北宁	辽宁	省
盖州	辽宁	省
大石桥	辽宁	省
灯塔	辽宁	省
铁法	辽宁	省
开原	辽宁	省
北票	辽宁	省
凌源	辽宁	省
兴城	辽宁	省
沈阳	辽宁	省
大连	辽宁	省
鞍山	辽宁	省
抚顺	辽宁	省
本溪	辽宁	省
丹东	辽宁	省
锦州	辽宁	省
营口	辽宁	省
阜新	辽宁	省
辽阳	辽宁	省
盘锦	辽宁	省
铁岭	辽宁	省
朝阳	辽宁	省
葫芦岛	辽宁	省
古交	山西	省
潞城	山西	省
高平	山西	省
忻州	山西	省
原平	山西	省
孝义	山西	省
离石	山西	省
汾阳	山西	省
榆次	山西	省
介休	山西	省
临汾	山西	省
侯马	山西	省
霍州	山西	省
运城	山西	省
永济	山西	省
河津	山西	省
太原	山西	省
大同	山西	省
阳泉	山西	省
长治	山西	省
晋城	山西	省
朔州	山西	省
辛集	河北	省
藁城	河北	省
晋州	河北	省
新乐	河北	省
鹿泉	河北	省
遵化	河北	省
丰南	河北	省
迁安	河北	省
武安	河北	省
南宫	河北	省
沙河	河北	省
涿州	河北	省
定州	河北	省
安国	河北	省
高碑店	河北	省
泊头	河北	省
任丘	河北	省
黄骅	河北	省
河间	河北	省
霸州	河北	省
三河	河北	省
冀州	河北	省
深州	河北	省
石家庄	河北	省
唐山	河北	省
秦皇岛	河北	省
邯郸	河北	省
邢台	河北	省
保定	河北	省
张家口	河北	省
承德	河北	省
沧州	河北	省
廊坊	河北	省
衡水	河北	省
吐鲁番	新疆	
哈密	新疆	
昌吉	新疆	
阜康	新疆	
米泉	新疆	
博乐	新疆	
库尔勒	新疆	
阿克苏	新疆	
阿图什	新疆	
喀什	新疆	
和田	新疆	
奎屯	新疆	
伊宁	新疆	
塔城	新疆	
乌苏	新疆	
阿勒泰	新疆	
银川	宁夏	
石嘴山	宁夏	
吴忠	宁夏	
青铜峡	宁夏	
灵武	宁夏	
霍林郭勒	内蒙	
海拉尔	内蒙	
满洲里	内蒙	
扎兰屯	内蒙	
牙克石	内蒙	
根河	内蒙	
额尔古纳	内蒙	
乌兰浩特	内蒙	
二连浩特	内蒙	
锡林浩特	内蒙	
集宁	内蒙	
丰镇	内蒙	
东胜	内蒙	
临河	内蒙	
呼和浩特	内蒙	
包头	内蒙	
乌海	内蒙	
赤峰	内蒙	
通辽	内蒙	
岑溪	广西	
东兴	广西	
桂平	广西	
北流	广西	
凭祥	广西	
合山	广西	
贺州	广西	
百色	广西	
河池	广西	
宜州	广西	
南宁	广西	
柳州	广西	
桂林	广西	
梧州	广西	
北海	广西	
防城港	广西	
钦州	广西	
贵港	广西	
玉林	广西	
日喀则	西藏	
拉萨	西藏	
北京	北京	市
上海	上海	市
天津	天津	市
重庆	重庆	市
